tweet_count,username,text,created_at,retweets,likes
1,tadssss,toda vez q alguem vem me falar q ta triste pq eu vou pra bauru um pedaÃ§o de mim morre pqp amo mto essa unesp araraquara nao tem jeito,Fri Mar 14 17:57:39 +0000 2025,0,16,morre
2,Gabiiii,"odeio qdo acaba luz em Bauru, privatizaram essa merda de CPFL e demora anos pra religaram a energia e essa prefeitura do capeta Ã© um inferno pra poder cortar 1 Ã¡rvore q balanÃ§a os fios da energia e solta faÃ­scas nas ruas, um INFERNO, uma burocracia do cÃ£o e se vc corta leva multa",Sun Mar 16 00:18:07 +0000 2025,0,1,"cpfl, energia, luz, prefeitura, Ã¡rvore"
3,faby jurÃ­dico modern family,"SAMU: 192
bombeiros: 193
polÃ­cia federal: 194 
polÃ­cia civil: 197
defesa civil: 199
delegacia da mulher: 180
disque-denÃºncia: 181
prevenÃ§Ã£o ao suicÃ­dio: 188
polÃ­cia militar: 190 
polÃ­cia rodoviÃ¡ria federal: 191

se morrer: nÃ£o posso ressuscitar https://t.co/08gqySBqVe",Wed Mar 20 02:17:55 +0000 2024,7367,48391,"bombeiro, delegacia, morre, polÃ­cia, samu"
4,Governo de S. Paulo,"Antes e depois da Rodovia Osni Mateus (SP 261) ğŸš§

O @governosp entregou as obras de melhoria da rodovia que liga os municÃ­pios de Borebi e LenÃ§Ã³is Paulista, na regiÃ£o de Bauru. A obra Ã© uma das 1.500 contempladas pelo #SPPraTodaObra, o maior programa de modernizaÃ§Ã£o rodoviÃ¡ria https://t.co/R3mPtoffLL",Tue Apr 15 22:23:09 +0000 2025,6,23,obra
5,Ana Bia,Qualquer poÃ§a de Ã¡gua Ã© alagamento aqui em Bauru,Wed Mar 26 10:14:01 +0000 2025,0,0,"alagamento, Ã¡gua"
6,ğŸ“MoghisğŸ“,"eu sempre falo que odeio bauru mas sinto muita falta dos meus amigos de la, sempre que to na cidade que eu faÃ§o faculdade Ã© muito solitario no fim eu so quero me formar logo e sair desse buraco eu nao aguento mais",Fri Apr 04 21:15:58 +0000 2025,1,10,buraco
7,TarcÃ­sio Gomes de Freitas,"NINGUÃ‰M AGUENTA MAIS PROMESSA! E Ã© por isso que demos fim Ã  espera e antecipamos a entrega de modernizaÃ§Ã£o da rodovia Osni Mateus, (SP 261), que liga os municÃ­pios de Borebi e LenÃ§Ã³is Paulista, na regiÃ£o de Bauru. Uma obra aguardada hÃ¡ 60 anos e que agora Ã© uma realidade e Ã© https://t.co/whjmb4bs4u",Sat Apr 12 12:03:28 +0000 2025,1674,9516,obra
8,sertralÂ¡a â˜… ğŸ‡µğŸ‡¸,ğŸš¨ATENÃ‡ÃƒO: Mikey Madison estÃ¡ oficialmente banida e jurada de morte em Bauru - Sp https://t.co/Edrt7vQGNB,Mon Mar 03 16:03:05 +0000 2025,327,2617,morte
9,Gazeta Brasil,Homem que levaria drogas e quase 60 celulares Ã  penitenciÃ¡ria Ã© preso em Bauru (SP) - https://t.co/gM8FJYVSwX,Fri Apr 11 00:23:30 +0000 2025,19,104,"droga, preso"
10,g1 Bauru,"ğŸ•³ï¸Carro cai em cratera aberta para obra de drenagem no Parque Primavera em Bauru 
https://t.co/NqRvgC9JLJ #g1 #Bauru https://t.co/sk5NuYkB4O",Fri May 02 20:42:48 +0000 2025,0,0,"carro, cratera, obra"
11,rafa,todo mundo torcendo pro bauru e eu nÃ£o torÃ§o p elas nem morta,Thu May 01 15:01:46 +0000 2025,1,4,morta
12,Luca (Taylor's Version),simplesmente o maior temporal babilÃ´nico em bauru acabou luz acabou tudo comeÃ§ou a entrar Ã¡gua no meu apartamento por baixo da porta e pra janela do banheiro eu fiquei desesperado mds https://t.co/JhppK6jvyF,Sun Mar 16 00:24:56 +0000 2025,3,10,"luz, temporal, Ã¡gua"
13,alexia,"final de semana que vem vou fazer trilha aqui em bauru sozinha, se eu sumir jÃ¡ sabem que fui morta",Mon Mar 10 01:19:47 +0000 2025,0,1,morta
14,Portal AtaNews,Carro cai em cratera aberta para obra de drenagem em Bauru https://t.co/l9j2U1AmG6 x,Sat May 03 12:10:57 +0000 2025,0,1,"carro, cratera, obra"
15,Bru,"Se bauru nÃ£o tÃ¡ com cheiro de esgoto tÃ¡ com cheiro de queimada 
Cidade podre!",Thu Mar 06 11:55:54 +0000 2025,0,0,"esgoto, queimada"
16,TarcÃ­sio Gomes de Freitas,"JÃ VIU COMO FICOU A RODOVIA OSNI MATEUS? O SÃ£o Paulo Pra Toda Obra chegou Ã  regiÃ£o de Bauru dois meses antes do previsto para liberar mais de 27 km de extensÃ£o na SP 261, que vÃ£o ligar as cidades de Borebi e LenÃ§Ã³is Paulista. O maior programa de modernizaÃ§Ã£o rodoviÃ¡ria da https://t.co/ETYqBPWI5H",Wed Apr 16 13:00:38 +0000 2025,689,3706,obra
17,foy ğŸŒ˜,simplesmente n da p abrir o Instagram que sofrimento Ã© estar presa em bauru enquanto a vida Ã© colorida e alegre lÃ¡ fora,Sun Mar 02 12:29:03 +0000 2025,0,8,presa
18,g1 Bauru,"ğŸ›£ï¸Motorista morre apÃ³s carreta bater contra talude na rodovia Comandante JoÃ£o Ribeiro de Barros em Pederneiras
https://t.co/82WgfXi6oH #g1 #Pederneiras https://t.co/iqOPVl6fE1",Sat May 03 15:21:33 +0000 2025,0,0,"morre, moto"
19,edu ğŸ‡§ğŸ‡·,"@portal_volei @KTO_brasil Gente, que roubo
Quando o Osasco ficou em terceiro ngm do time foi premida no dream time
Os mineiros nem na final chegaram e pegaram 4 vagas? NÃ£o existe, isso Ã© nÃ£o reconhecer o trabalho que as meninas do Bauru e Osasco fizeram
Mico CBV",Thu May 01 21:40:02 +0000 2025,7,278,roubo
20,gab,"indo pra Bauru com o Bruno e ele â€œnossa mor, tem um radar daqui 540 metrosâ€ e eu â€œa deve ser lÃ¡ em LenÃ§Ã³is, tÃ¡ longe aindaâ€ (tava quase na nossa frente)",Fri Apr 25 15:28:42 +0000 2025,0,3,radar
21,ğŸ“MoghisğŸ“,Ã© melhor essa academia do oscar nao pisar em bauru sp pq estao todos jurados de morte,Mon Mar 03 03:51:15 +0000 2025,1,13,morte
22,g1 Bauru,NÃºcleo de atendimento Ã s vÃ­timas de violÃªncia Ã© inaugurado em Bauru pelo MinistÃ©rio PÃºblico https://t.co/jqVhdaCcKZ #g1 #Bauru,Sun Apr 27 21:03:38 +0000 2025,0,2,violÃªncia
23,queria ğŸŒŸ morto,"Eu colocaria a Tiff no lugar da Kisy, porÃ©m nÃ£o acho absurdo ela estar ali. Mas a Kuznetsova estar nessa seleÃ§Ã£o Ã© muito injusto, fwz uma temporada bem abaixo, ficou diversos jogos sem pisar em quadra. Na minha opiniÃ£o, a vaga deveria ser de uma das ponteiras do Bauru",Thu May 01 23:29:45 +0000 2025,0,2,Nenhum
24,Lara,cometa o crime Bauru e eu digo se esperava ou nÃ£o,Wed Apr 23 00:03:15 +0000 2025,3,14,crime
25,bauru ! ğŸ§,@cerejagotica se for crime achar cicatriz sexy pfvr me prendam https://t.co/1XM8RpRaGy,Mon Apr 28 03:50:31 +0000 2025,0,14,crime
26,g1 Sorocaba,"ğŸ¥€ Lei de FeminicÃ­dio completa 10 anos
â€˜O que nÃ£o se mede, nÃ£o se mudaâ€™, diz especialista em violÃªncia de gÃªnero
https://t.co/hMrD3eESiZ #g1 #itapetininga #sorocaba #bauru #riopreto",Sun Mar 09 13:11:48 +0000 2025,0,2,"feminicÃ­dio, violÃªncia"
27,fernanda.,mds esse bauru tÃ¡ morto,Thu Apr 03 22:19:24 +0000 2025,0,0,morto
28,Defesa Civil do Estado de SÃ£o Paulo,"Juntos contra a dengue!

Estivemos em Bauru em mais uma grande aÃ§Ã£o de combate ao mosquito Aedes aegypti.

Previna. Participe. Proteja. https://t.co/jIWV9ZzXIo",Wed Mar 26 16:47:28 +0000 2025,3,16,dengue
29,kah! pivara ÎµÑ—É,o sesi bauru igual a seleÃ§Ã£o brasileira chega na final e MORRE ğŸ’”,Thu May 01 21:25:31 +0000 2025,0,7,morre
30,g1 Bauru,"â›² Ãgua potÃ¡vel e tratamento de esgoto

Cidades da regiÃ£o aderem ao programa de consÃ³rcios para aumentar acesso ao saneamento https://t.co/EawxqqFDcd #g1bauru",Sat Apr 26 14:58:43 +0000 2025,1,2,"esgoto, Ã¡gua"
31,PolÃ­cia Militar do Estado de SÃ£o Paulo,"Traficante de drogas Ã© preso em Bauru/SP
Confira:https://t.co/9j4sYpG7Eg https://t.co/7h0Ob6Pn5M",Thu Mar 27 13:31:41 +0000 2025,5,68,"droga, preso, traficante"
32,g1 Bauru,"Motociclista morre apÃ³s bater em talude na rodovia Professor HipÃ³lito Martins
https://t.co/QUj8qEwYzK

#g1 #Botucatu https://t.co/Sy7RjEqTOM",Mon Apr 28 16:25:12 +0000 2025,0,0,"morre, moto"
33,bibi,esse bauru morre e revive vamos viver ate o fim do jogo fias,Thu May 01 20:26:43 +0000 2025,3,3,morre
34,AgÃªncia SP,"#SaÃºde SaÃºde alerta para importÃ¢ncia da vacinaÃ§Ã£o contra a dengue; veja cobertura na regiÃ£o de Bauru.

https://t.co/TwZ082jCRn",Sat Mar 01 13:40:00 +0000 2025,0,0,dengue
35,g1 Bauru,"ğŸï¸ Alunos de Barra Bonita

Estudantes criam coletor ecolÃ³gico de Ã¡gua que serÃ¡ usado no Rio TietÃª https://t.co/Rq0LjT2enQ #g1bauru",Mon Apr 21 12:32:20 +0000 2025,0,0,Ã¡gua
36,Rede GNI ğ• î¨€,"Motociclista morre apÃ³s bater na traseira de carro em Bauru

#Acidente #Bauru #saopaulo #redegni

https://t.co/USsofeWTVP",Sun Mar 30 13:11:36 +0000 2025,1,1,"acidente, carro, morre, moto"
37,g1 Bauru,"ğŸ›£ï¸Pedestre morre atropelado por carreta na Rodovia Marechal Rondon em Bauru
https://t.co/hGz3nslv9u #g1 #Bauru",Sun Apr 27 13:40:04 +0000 2025,0,1,"morre, pedestre"
38,culi,compro ingresso final da superliga feminina de vÃ´lei no ibirapuera osasco x bauru caso de vida ou morte https://t.co/6qYzHfSl6B,Sun Apr 27 17:15:49 +0000 2025,0,5,morte
39,dÃ©bora,"Bauru roubado, mas nÃ£o ligamos",Tue Dec 17 23:35:49 +0000 2024,0,3,roubado
40,MetrÃ³poles,"â¡ï¸ Larica pelos Correios: jovem envia haxixe escondido em doce de leite

Jovem de 18 anos enviou pelos Correios embalagens de doce de leite com porÃ§Ãµes de maconha e haxixe. A mercadoria foi enviada a Bauru (SP)

Leia: https://t.co/2arPUoKvQY https://t.co/n6B1W5kPPs",Tue Apr 22 17:35:25 +0000 2025,0,7,maconha
41,PolÃ­cia Militar do Estado de SÃ£o Paulo,"Casal Ã© preso com mais de 117 kg de maconha na SP-300 em Bauru/SP
Confira: https://t.co/gGBkvRqG03 https://t.co/i7zZHWxGq9",Sat Apr 26 13:57:16 +0000 2025,24,165,"maconha, preso"
42,sportv,"Sem final ""pÃ£o de queijo"" nessa temporada.

Osasco e VÃ´lei Bauru vem aÃ­ com toda energia para conquistar a Superliga, assim como a Enel Comercializadora, que tem soluÃ§Ãµes como PreÃ§o Fixo e o Economia Garantida, onde sua empresa pode ter atÃ© 30% de desconto na conta de luz. https://t.co/CgT7ubsr44",Wed Apr 30 20:50:51 +0000 2025,0,10,"energia, luz, presa, ubs"
43,ğµğ“‡ğ“Šâ· à¹‹à£­ â­‘,"PUTA QUE PARIU PRECISO URGENTE DE UMA PSICÃ“LOGA, UMA ÃGUA â€¦

[censurado] [inaudÃ­vel] [barulho de panela caindo] [buzina de carro] [som de liquidificador] [barulho de serra elÃ©trica] [martelo batendo]  [barulho de trovÃ£o] [cachorro latindo] [carro freiando] [sirene da ambulÃ¢ncia] https://t.co/HZJvYs4VZx",Sat May 03 09:05:18 +0000 2025,8,16,"barulho, carro, Ã¡gua"
44,Ac1d An4h â˜£ï¸,meu deus 2 paneleiro de bauru foram preso espero que morram,Thu Apr 17 12:25:42 +0000 2025,0,14,preso
45,o impÃ©rio decadente dos estados unidos,@portal_volei @KTO_brasil sesi bauru e osasco na final da superliga MORTE AO PÃƒO DE QUEIJO https://t.co/DgvTuklctp,Tue Apr 22 03:04:24 +0000 2025,19,335,morte
46,Noite de Copa,"- Todos os crimes -

540x Assassinato em Primeiro Grau
71x HomicÃ­dio Qualificado 
27x Assassinato em Segundo Grau
7x Furto
7x Roubo de Cavalo
6x LesÃ£o Corporal Grave
6x DestruiÃ§Ã£o de Propriedade Governamentel
5x Ajuda em Fuga 
4x Sequestro
4x ExtorsÃ£o
4x Assalto a mÃ£o armada
3x https://t.co/q0AhTgt0Mr",Thu May 16 09:03:15 +0000 2024,69,1629,"assalto, corpo, crime, furto, homicÃ­dio, roubo"
47,"Nosferatu da Silva (Manu, a garota de bauru ğŸ†)","O sexo heterossexual estÃ¡ tÃ£o imerso na cultura do estupro que a diferenÃ§a entre sexo e violÃªncia muitas vezes se dissolve, O prazer feminino Ã© supÃ©rfluo, o consentimento Ã© condicionado. Se ela cede por medo, culpa ou insistÃªncia, nÃ£o Ã© desejo, Ã© coerÃ§Ã£o. Mas chamam de sexo",Thu Mar 06 21:24:50 +0000 2025,2,6,"estupro, violÃªncia"
48,bailentheress 1.5,juro vei ter a mesma festa nas mesmas republicas com os mesmos djs toda semana nÃ£o faz de bauru menos morta .,Wed Mar 05 22:09:19 +0000 2025,2,13,morta
49,g1 Rio Preto,"ğŸ¥€ Lei de FeminicÃ­dio completa 10 anos
â€˜O que nÃ£o se mede, nÃ£o se mudaâ€™, diz especialista em violÃªncia de gÃªnero
https://t.co/mrqmzxosuT  #g1 #itapetininga #sorocaba #bauru #riopreto https://t.co/eIqQfWsEqp",Sun Mar 09 13:11:20 +0000 2025,0,1,"feminicÃ­dio, violÃªncia"
50,g1 Bauru,"ğŸ¦ŸApenas 11% do pÃºblico-alvo se vacinou contra a dengue em MarÃ­lia; municÃ­pio jÃ¡ registrou quase 7 mil casos da doenÃ§a
https://t.co/zRowyNMQ3t #g1 #MarÃ­lia https://t.co/eVaPQQoCi8",Sun Apr 20 21:24:19 +0000 2025,0,1,dengue
51,PolÃ­cia Militar do Estado de SÃ£o Paulo,"PM flagra dupla vendendo drogas perto do â€œAlfredÃ£o"", estÃ¡dio do Noroeste, em Bauru/SP

â¡ï¸ Adolescente foi apreendido e homem preso com porÃ§Ãµes de crack, haxixe e cocaÃ­na, alÃ©m de cerca de R$ 1,5 mil em dinheiro.

Confira: https://t.co/EpQxx3tjGh https://t.co/NbonmJynUf",Sun Jan 26 13:39:51 +0000 2025,7,43,"cocaÃ­na, crack, droga, preso"
52,Lucas Bernardes,"vai tomar no cu duque de Caxias, uns buraco enorme no meio da avenida, pra foder c meu carro. n aguento mais esse asfalto lixo de Bauru que sÃ³ serve pra estragar pneu, suspensÃ£o, e a porra toda e eu ter que gastar c isso dps. NAO TEM UMA RUA COM ASFALTO BOM NESSA CIDADE",Wed Feb 19 17:28:51 +0000 2025,0,0,"asfalto, buraco, carro, lixo"
53,g1 Bauru,"ğŸ›£ï¸Motorista morre apÃ³s carreta carregada com limÃµes tombar em alÃ§a de acesso Ã  SP-300 em Bauru
https://t.co/cSHkIf0ldS #g1 #Bauru https://t.co/WKFIj7Mk8p",Wed Apr 30 18:52:32 +0000 2025,0,0,"morre, moto"
54,Joaquim Rubio Neto,"@alexandregarcia Saudades mesmo. Na minha infÃ¢ncia, viajava de TupÃ£ a SÃ£o Paulo. Em MarÃ­lia, aclopava o vagÃ£o restaurante, e em Bauru, o vagÃ£o leito. Por volta das 6 e meia, EstaÃ§Ã£o da Luz. Tempo bomâ¤ï¸",Tue Apr 29 09:47:25 +0000 2025,0,2,luz
55,AgÃªncia SP,"#SeguranÃ§a Homem que levaria drogas e quase 60 celulares Ã  penitenciÃ¡ria Ã© preso em Bauru.

https://t.co/ABScJLenkm",Fri Apr 11 13:20:00 +0000 2025,0,0,"droga, preso"
56,FÃºria e TradiÃ§Ã£o,"Dois ladrÃµes entram numa residÃªncia de madrugada para roubar, mas o marido enfrenta os bandidos e consegue espanca-los.

A esposa chamou a polÃ­cia que prendeu os bandidos, e o marido decidiu ir junto para a delegacia para se certificar que o BO seria feito.

A surpresa Ã© que o https://t.co/rJN9yf1Vco",Fri May 02 14:02:00 +0000 2025,1464,6845,"bandido, delegacia, polÃ­cia, presa"
57,ianzito.,esse arrombado que tem olhos de picles e lingua de rosbife fica escanteado na rodoviaria de bauru e jÃ¡ foi roubado umas 3 vezes. muito bom pertencer.,Thu Feb 27 22:06:47 +0000 2025,3,34,roubado
58,Lulu,"Quais desses lugares vocÃª jÃ¡ entrou?

â€¢ igreja âœ”ï¸
â€¢ motel âŒ
â€¢ viatura âŒï¸
â€¢ cabarÃ© âŒ
â€¢ aviÃ£o âœ”ï¸
â€¢ hospital âœ”ï¸
â€¢ cemitÃ©rio âœ”ï¸
â€¢ teatro âœ”ï¸
â€¢ delegacia âŒ
â€¢ cassino âœ”ï¸
â€¢ barco âœ”ï¸
â€¢ submarino âŒ
â€¢ tribunal âŒ
â€¢ estÃ¡dio âœ”ï¸
â€¢ cadeia âœ”ï¸
â€¢ iml âŒï¸",Fri May 02 23:46:25 +0000 2025,0,3,"delegacia, hospital"
59,Enfermeiro do BRICS ğŸ‡§ğŸ‡· ğŸ‡·ğŸ‡ºğŸ‡®ğŸ‡³ğŸ‡¨ğŸ‡³ğŸ‡¿ğŸ‡¦,A polÃ­cia fascista do TarcÃ­sio invadiu o velÃ³rio de um rapaz de 18 anos morto pelo BatalhÃ£o de OperaÃ§Ãµes Especiais e Bauru e agrediu todos os que estavam presentes inclusive a mÃ£e do falecido. O irmÃ£o foi preso por â€œdesacatoâ€ https://t.co/tyIfilv8YR,Sat Oct 19 13:34:16 +0000 2024,194,774,"morto, polÃ­cia, preso"
60,Central do Noroeste (Bauru),donelli se aplicasse pra federaÃ§Ã£o internacional de queimada https://t.co/QVwbDVHYeR,Mon Apr 14 23:26:57 +0000 2025,0,2,queimada
61,Cleiton Lucas,ApÃ³s a chuva destruir 80% de Bauru sÃ³ me resta ir dormir sem energia!,Sat Mar 15 23:30:21 +0000 2025,3,5,"chuva, energia"
62,news and ufology,"Assalto na esquina da Unigranrio em frente ao Bauru na 25 de agosto, Duque de Caxias, Rio de Janeiro, Brasil. https://t.co/fZ0sJjMyq4",Sun Mar 30 21:09:49 +0000 2025,2,3,assalto
63,Jornal DiÃ¡rio do Estado,"Motociclista morre apÃ³s colisÃ£o com carreta na Castello Branco: acidente fatal em Itatinga, SP â€“ De Bauru e MarÃ­lia â¡ï¸ Leia: https:// https://t.co/wNKFmWoFIF https://t.co/UPWynnsEvS",Thu Jan 02 16:40:23 +0000 2025,0,0,"acidente, morre, moto"
64,heloÃ­sa â˜€ï¸,to morta diante disso vou comer um bauru de calabresa gigante,Sun Dec 15 00:49:51 +0000 2024,0,4,morta
65,Monica das Pretas,"ğŸš¨VIOLÃŠNCIA POLICIAL EM BAURU ğŸš¨
[ALERTA GATILHO] 

Policiais agridem uma famÃ­lia no bairro Ferradura-Mirim. A famÃ­lia e testemunhas relatam que a polÃ­cia agrediu e forjou o jovem.

Com a escalada de violÃªncia, MÃ£es que se organizam na cidade denunciam perseguiÃ§Ã£o e o movimento https://t.co/2cfwdpD9Ny",Mon Feb 17 21:13:05 +0000 2025,2,14,"polÃ­cia, violÃªncia"
66,sertralÂ¡a â˜… ğŸ‡µğŸ‡¸,para o DEMONIO infeliz que mora em bauru e entrou na minha conta do roblox: eu espero que SUAS BOLAS CAIAM e voce seja levado pela ENXURRADA ate o ESGOTO ğŸ–•vou rastrear seu ip pra descobrir seu endereÃ§o e deixar 10 milhÃµes de mosquitos da dengue INFECTADOS na porta da SUA casa ğŸ–•,Wed Feb 26 03:23:14 +0000 2025,1,2,"dengue, enxurrada, esgoto"
67,Ø˜,O roubo pro bauru,Fri Mar 28 21:05:32 +0000 2025,0,1,roubo
68,g1 Itapetininga,"ğŸš¨ Homem Ã© preso por maus-tratos apÃ³s polÃ­cia encontrar cachorro morto
https://t.co/9GRxWrzDcP #g1 #MarÃ­lia https://t.co/f7KikZgy7v",Fri May 02 21:21:14 +0000 2025,0,0,"morto, polÃ­cia, preso"
69,â†¬\|/..â€¢Â°âœ°ğ‘°ğ’•ğ’‚ğ’”ğ’–ğ’ğ’‚ ğ‘´ğ’‚ğ’“ğ’–âœ°Â°â€¢..\|/â†¬,"- Beijou: âŒ
- Namorou: âœ…
- Bebeu: âŒ
- Fumou: âŒ
- Fez sexo: âŒ
- Fugiu de aula: âŒ
- Usou Drogas: âŒ
- Mandou nudes: âŒ
- Tattoo: âŒ
- Piercing: âŒ

Nam, quanto âŒ",Tue Apr 29 21:53:39 +0000 2025,0,9,droga
70,g1 Bauru,"Idoso morre em acidente envolvendo carro e kombi em rodovia 
https://t.co/c1QzBA0LPr

#g1 #ItÃ¡polis #Ibitinga https://t.co/OFsj8hui7c",Wed Apr 16 15:39:15 +0000 2025,0,0,"acidente, carro, morre"
71,o impÃ©rio decadente dos estados unidos,SESI BAURU E OSASCO NA FINAL DA SUPERLIGA MORTE AO PÃƒO DE QUEIJO https://t.co/DgvTuklctp,Tue Apr 22 03:00:59 +0000 2025,3,15,morte
72,Ismael Simioni,"@Rahimovaabreu Oposta tem 3 que fizeram uma temporada bem melhor, e n ter pelo menos uma central do bauru Ã© mt roubo",Thu May 01 21:40:37 +0000 2025,0,40,roubo
73,bru,vai abenÃ§oando e protegendo senhor que esse reencontro faÃ§a  a Nia sentir a energia e jogar oq ela jogava na Ã©poca do bauru quando voltar ğŸ™ğŸ»ğŸ™ğŸ»ğŸ™ğŸ» https://t.co/sVXIVjehDC,Fri Nov 01 17:07:39 +0000 2024,1,19,energia
74,Rede GNI ğ• î¨€,"Casal Ã© preso apÃ³s ser flagrado transportando 115 kg de maconha em Bauru OcorrÃªncia foi registrada na Rodovia Marechal Rondon (SP-300), em Bauru (SP). Casal tentou fugir ao receber sinal de parada pela PolÃ­cia RodoviÃ¡ria. https://t.co/calTd2Lpum",Sun Apr 27 18:55:01 +0000 2025,1,2,"maconha, polÃ­cia, preso"
75,Ney,"@Luiza22Brasil @JeffreyChiquini Se mantiveram um cara preso por longos meses por uma nota de jornal sobre uma ""duvidosa"" viagem para os EUA, que por si sÃ³ nÃ£o Ã© crime, nÃ£o duvido de mais nada.",Fri Apr 25 20:11:48 +0000 2025,0,2,"crime, preso"
76,sÃ¢mi,investiguem a Ã¡gua que essas manas do bauru tomaram no intervalo do primeiro set https://t.co/548I4gtj3V,Thu Apr 10 21:51:58 +0000 2025,4,68,Ã¡gua
77,g1 Itapetininga,"ğŸ¥€ Lei de FeminicÃ­dio completa 10 anos
â€˜O que nÃ£o se mede, nÃ£o se mudaâ€™, diz especialista em violÃªncia de gÃªnero
https://t.co/CgeLr5s5k9 #g1 #itapetininga #sorocaba #bauru #riopreto",Sun Mar 09 13:11:34 +0000 2025,0,0,"feminicÃ­dio, violÃªncia"
78,Piero Rahimonkey ğŸ’œ,"Ã‰... Restou de novo pro Bauru chutar cachorro morto. 

Seja forte, Dani Lins 
 https://t.co/OFzFZAs1mB",Fri Feb 14 00:55:26 +0000 2025,0,124,morto
79,g1 Bauru,"Bauru vira o epicentro do sorotipo 4 da dengue em SP, alerta especialista
https://t.co/LfLQYeUcPO

#g1 #Bauru #dengue https://t.co/MYwNWhqTrT",Fri Apr 11 12:20:41 +0000 2025,0,0,dengue
80,Marechal,"Assalto a banco profissional em Bauru ğŸš¨ğŸš¨ğŸš¨

Quatro criminosos, dois deles armados, escalaram a parede de uma agÃªncia bancÃ¡ria, entraram pelo teto e renderam os funcionÃ¡rios.

Deixaram o local poucos minutos depois levando o dinheiro, sem disparar alarmes ou deixar feridos

ğŸ‘‡ https://t.co/1Sj06zbDdx",Tue Apr 08 17:49:29 +0000 2025,0,3,"assalto, criminoso"
81,lucas,eu odeio o sesi bauru time inÃºtil peso morto na superliga,Fri Mar 14 21:39:21 +0000 2025,0,1,morto
82,Central do Noroeste (Bauru),"Vamos ser sinceros: as atuaÃ§Ãµes de Neymar Jr. contra Ãgua Santa e Inter de Limeira salvaram o Noroeste do rebaixamento. 

Eu te amo, Neyâ¤ï¸ https://t.co/yWoHb1kGoZ",Mon Mar 10 01:33:04 +0000 2025,3,19,Ã¡gua
83,inÃªs,"sesi bauru sendo roubado nesse ultimo desafio ai, arbitragem bem tendenciosa",Sun Mar 16 00:24:00 +0000 2025,0,0,roubado
84,bibi,esse bauru vive e morre valha jesus,Sun Feb 09 01:42:46 +0000 2025,1,0,morre
85,Ø˜Ø˜mile,E O PRAIA TA PODENDO FALAR O TA PRESO NO BOLSO DO BAURU????,Fri Nov 29 23:08:05 +0000 2024,0,0,preso
86,g1 Bauru,"ğŸš¨ Pedreiro morre soterrado em obra em Duartina
https://t.co/bieJGwENag #g1 #duartina https://t.co/kxx249ootr",Thu Apr 24 22:18:33 +0000 2025,0,1,"morre, obra"
87,LÃ©o Vilhena âœ  î¨€,"Motociclista morre apÃ³s bater na traseira de carro em Bauru 

#Acidente #Bauru #saopaulo #redegni

https://t.co/nkzKKo2GVK",Sun Mar 30 13:11:25 +0000 2025,0,0,"acidente, carro, morre, moto"
88,ONG Olhar Animal,"ApÃ³s enforcar cadela e ameaÃ§ar vizinhas, homem armado com faca Ã© preso em Bauru, SP https://t.co/Vw00fIlst7",Sat Apr 26 13:06:00 +0000 2025,0,3,preso
89,g1 Bauru,"ğŸš¨ Queda de 70 metros
Piloto de paraglider morre apÃ³s sofrer acidente durante voo em Botucatu
https://t.co/DzMsGRQ1Bd #g1 #Botucatu",Sun Apr 13 14:54:45 +0000 2025,0,2,"acidente, morre, queda"
90,Viagem ao Passado,"5 - Sem eira nem beira

A expressÃ£o ""sem eira nem beira"" refere-se Ã s casas dos pobres que nÃ£o tinham ""eira"" (parte do telhado que protege as paredes da chuva) nem ""beira"" (beiral). No passado, as construÃ§Ãµes das casas refletiam o status econÃ´mico das famÃ­lias. 

As casas mais https://t.co/yckAYGNuoZ",Mon Jul 22 17:25:43 +0000 2024,37,1098,chuva
91,Amanda,A energia ruim saiu do time e bauru voltou atÃ© melhor nÃ©,Thu Jan 16 21:10:38 +0000 2025,0,3,energia
92,g1 Bauru,"Colegas lamentam morte de piloto Eduardo Imamura em acidente na BR-153
https://t.co/8BZJIvkOrx

#g1 #Marilia https://t.co/UsthNf26QE",Mon Apr 07 12:17:19 +0000 2025,0,1,"acidente, morte"
93,itani â¶ğ“…“,Olha esse ponto da Ariane kakakakkakka o Bauru tÃ¡ morto,Thu Apr 03 22:16:17 +0000 2025,0,0,morto
94,g1 Bauru,"Filho do piloto Eduardo Imamura morre apÃ³s acidente na BR-153
https://t.co/TgrMgirN18

#g1 #Marilia",Tue Apr 08 12:37:22 +0000 2025,0,0,"acidente, morre"
95,PolÃ­cia Militar do Estado de SÃ£o Paulo,"Mulher Ã© presa em Ã´nibus com mais de 50 kg de maconha durante fiscalizaÃ§Ã£o na SP-225, em Bauru/SP
Confira:https://t.co/jLsUfcV2gd https://t.co/FKF0EK4jUS",Fri Mar 07 11:51:20 +0000 2025,17,107,"maconha, presa, Ã´nibus"
96,PolÃ­cia Militar do Estado de SÃ£o Paulo,"Traficante de drogas Ã© preso em Bauru/SP 
Confira:https://t.co/mMFten7Twl https://t.co/BZkhQIR81h",Tue Mar 11 18:09:46 +0000 2025,2,26,"droga, preso, traficante"
97,g1 Bauru,"Brasileira viaja ao Vaticano para bÃªnÃ§Ã£o de PÃ¡scoa e Ã© surpreendida pela morte do papa no dia seguinte: 'DifÃ­cil de assimilar'
https://t.co/8wzjGjaGJk

#g1 #Ourinhos #PapaFrancisco https://t.co/SbvdhLBF44",Fri Apr 25 12:04:39 +0000 2025,0,1,morte
98,sportv,"Chegou a hora da decisÃ£o.

Osasco e VÃ´lei Bauru vem aÃ­ com toda energia para conquistar a Superliga, assim como a Enel Comercializadora, que tem soluÃ§Ãµes como PreÃ§o Fixo e o Economia Garantida, onde sua empresa pode ter atÃ© 30% de desconto na conta de luz. #publicidade https://t.co/wqkcqWHIw1",Thu May 01 12:25:03 +0000 2025,0,11,"energia, luz, presa"
99,GORDAO ANTI-BARRIGADA,"RUBENS GOMES CAGÃƒO RUBÃƒOXAMENTO
RUBENS GOMES CAGÃƒO RUBÃƒOXAMENTO  
RUBENS GOMES CAGÃƒO RUBÃƒOXAMENTO
RUBENS GOMES CAGÃƒO RUBÃƒOXAMENTO
RUBENS GOMES CAGÃƒO RUBÃƒOXAMENTO
RUBENS GOMES CAGÃƒO RUBÃƒOXAMENTO
RUBENS GOMES CAGÃƒO RUBÃƒOXAMENTO  
RUBENS GOMES CAGÃƒO RUBÃƒOXAMENTO
RUBENS GOMES CAGÃƒO",Mon Jan 20 20:18:03 +0000 2025,66,757,Nenhum
100,Livia Delunardo,Bauru sÃ³ joga o primeiro set e morre nos outros ne?,Fri Oct 11 22:45:44 +0000 2024,0,4,morre
101,g1 Bauru,"Jovem morre apÃ³s perder o controle da direÃ§Ã£o, rodopiar na pista e bater de frente com caminhÃ£o no interior de SP https://t.co/NbjlX8A71q #g1 #Queiroz",Sat Apr 19 18:22:37 +0000 2025,0,1,"caminhÃ£o, morre"
102,drussyler,GraÃ§as a Deus o bauru Ã© um micoooo porque imagina deixar o Sesc que tava morto daquele jeito crescer no jogo,Thu Jan 16 23:11:05 +0000 2025,0,5,morto
103,PolÃ­cia Militar do Estado de SÃ£o Paulo,"HelicÃ³ptero Ãguia auxilia na recuperaÃ§Ã£o de motocicleta furtada em Bauru/SP

Confira:https://t.co/wBiE1dcpgP https://t.co/7Rqd6A2eaF",Wed Jan 01 11:04:11 +0000 2025,15,111,"furtada, moto"
104,Grupo do bem estar,"DENGUE GRAVE mata mulher de 23 anos em Bauru. Em Americana, Decreto de EmergÃªncia  por Dengue Grave.https://t.co/omECSY4Oh1 #flamengo #internacional #futebol #dorivaljr #ancelotti #seleÃ§Ã£o #cbf #zoonoses #oms #anvisa #repelente #icaridina #soroterapia #hidrataÃ§Ã£o #Ã¡gua #plaquetas https://t.co/nWCks2S5s8",Sun Mar 30 02:13:25 +0000 2025,0,0,"dengue, Ã¡gua"
105,gabi,[censurado] [inaudÃ­vel] [barulho de panela caindo] [buzina de carro] [som de liquidificador] [barulho de serra elÃ©trica] [martelo batendo]  [barulho de trovÃ£o] [cachorro latindo] [carro freiando] [sirene da ambulÃ¢ncia] [barulho de tiro] https://t.co/lRfKyIW5DO,Sun Nov 03 19:04:32 +0000 2024,107,611,"barulho, carro"
106,Caio Warriors,"Peidinho BH
Pestinho BH
Podrinho BH
Pobrinho BH
Perebinho BH
Pelada BH
Patife BH
Peste BH
Pornografia BH
Pau mole BH
Peste BH
Pneumonia BH
PalavrÃ£o BH
Preconceito BH
Promiscuo BH
Pejorativo BH
Profano BH
PerecÃ­vel BH
Prepotente BH
Passivo BH
Psicopata BH
Pilantra BH
Passivo BH https://t.co/aGZk9EiJBj",Thu Dec 05 02:32:26 +0000 2024,29,247,Nenhum
107,Jornal DiÃ¡rio do Estado,Mulher morre em colisÃ£o entre carro e moto na Marechal Rondon em Bauru â¡ï¸ Leia: https:// https://t.co/0nh1apOpkR https://t.co/IF7HQnGyDA,Thu Jan 30 15:51:32 +0000 2025,0,1,"carro, morre, moto"
108,Jornal A Tribuna,"ğŸš” Homem suspeito de atirar em quatro pessoas em quiosque de praia no litoral de SÃ£o Paulo Ã© preso

Homem, de 51 anos, foi detido em Bauru (SP) e afirmou Ã  polÃ­cia que estava escondido hÃ¡ 30 dias na cidade â¬‡ï¸
https://t.co/3QUvMmamC7",Tue Apr 29 15:27:51 +0000 2025,0,3,"polÃ­cia, preso"
109,Noite de Copa,"â€¢ Pequenos furtos 
( 6 meses de prisÃ£o )

â€¢ Roubo a mÃ£o armada 
( 3 anos e meio de prisÃ£o )

â€¢ Vandalismo 
( 4 anos + mil dÃ³lares )

â€¢ Assassinato em primeiro grau  
( 25 anos )

â€¢ Roubo 
( 2 anos )

â€¢ ViolÃªncia armada  
( 3 anos )

â€¢ HomicÃ­dio qualificado 
( 50 anos )

â€¢ https://t.co/1i1VA7n4gP",Sat Apr 20 02:17:35 +0000 2024,24,742,"furto, homicÃ­dio, prisÃ£o, roubo, violÃªncia"
110,T ğŸŒ¸,"ğŸ“ Realengo 
ğŸ“ MagalhÃ£es Basto
ğŸ“Padre Miguel 
ğŸ“Barata
ğŸ“77
ğŸ“Vila vintÃ©m 
ğŸ“Curral
ğŸ“ FumacÃª 
ğŸ“BATAN
ğŸ“POSTO 200
ğŸ“Cancela preta
ğŸ“Jardim bangu
ğŸ“Bangu
ğŸ“ConjuntÃ£o 
ğŸ“Ãgua branca 
JA FALEI BATAN ?",Tue Mar 25 14:12:18 +0000 2025,72,292,Ã¡gua
111,g1 Bauru,Mulher Ã© presa suspeita de furtar morfina e fentanil da Santa Casa de CabreÃºva https://t.co/Cfu0fAM10t #g1 #CabreÃºva,Fri Apr 25 20:42:29 +0000 2025,0,0,presa
112,Central Dentil Praia ClubeğŸ’›ğŸ–¤,"GAME DAY!

DIA DE PISAR NAQUELA MICROCIDADE ESCONDIDA DE TUDO PARA COMETER O CRIME DE JOGAR CONTRA BAURU (e os desesperado da lei do ex

JOGO: ğŸ”´Sesi VÃ´lei Bauru x Dentil Praia ClubeğŸ’›ğŸ–¤
HORÃRIO: 18:30
TRANSMISSÃƒO: SporTV 2

https://t.co/jf4GnCJKGr",Fri Nov 29 14:04:04 +0000 2024,45,269,crime
113,Estradas.com.br,"Pedestre Ã© atropelado e morto sob passarela na SP-300, em Bauru https://t.co/FxXItnGHmc via @sosestradas @artespsp @RodoviariaPMESP @Senatran @ABRAMET @RenanFilho_",Sun Apr 27 15:43:23 +0000 2025,0,0,"morto, pedestre"
114,brubru,"TUDO O QUE COMEÃ‡OU ACABA HOJE
TUDO O QUE COMEÃ‡OU ACABA HOJE
TUDO O QUE COMEÃ‡OU ACABA HOJE
TUDO O QUE COMEÃ‡OU ACABA HOJE
TUDO O QUE COMEÃ‡OU ACABA HOJE
TUDO O QUE COMEÃ‡OU ACABA HOJE
TUDO O QUE COMEÃ‡OU ACABA HOJE
TUDO O QUE COMEÃ‡OU ACABA HOJE
TUDO O QUE COMEÃ‡OU ACABA HOJE",Sat Jan 18 03:02:03 +0000 2025,291,707,Nenhum
115,bru,pq o praia nÃ£o teve a brilhante ideia tal como o bauru de fazer proposta p Modenesi????? atÃ© a energia desse time ele mudou,Thu May 01 19:57:09 +0000 2025,0,28,energia
116,g1,'Primos gÃªmeos': irmÃ£s do interior de SP dÃ£o Ã  luz no mesmo dia e dividem quarto na maternidade: https://t.co/tRJ5WvbFwg #g1SP,Sun Mar 16 21:00:01 +0000 2025,6,135,luz
117,Record Paulista,Loja furtada em Bauru: mais de R$ 200 MIL de prejuÃ­zo https://t.co/qcxyxDlSFW via @YouTube #RecordPaulista #PlayPlus #R7,Mon Feb 24 20:35:59 +0000 2025,0,0,furtada
118,g1 Bauru,"Homem morre ao ser prensado por cabine de caminhÃ£o em Bauru
https://t.co/PITg4Rzl4w

#g1 #Bauru https://t.co/PQFNwxNKto",Sat Apr 12 21:39:09 +0000 2025,0,1,"caminhÃ£o, morre"
119,Rede GNI ğ• î¨€,"Motociclista morre apÃ³s bater na traseira de carro em Bauru 

#redegni

https://t.co/USsofeWTVP",Sun Mar 30 14:18:00 +0000 2025,1,1,"carro, morre, moto"
120,comida de hipertenso,"peguei no blablacar um mlk com um Palio duro duro, que passa em buraco e parece que tÃ´ sentando o cu no asfalto aÃ­ ele quer colocar 150km/h bauru MarÃ­lia (que a 100 jÃ¡ dÃ¡ uma horinha sÃ³ de viagem) e essa caixa de alumÃ­nio tÃ¡ tremendo mais que aviÃ£o da azul em turbulÃªncia",Sun Mar 30 21:19:40 +0000 2025,0,7,"asfalto, buraco"
121,sportv,"Vem aÃ­ vÃ´lei de altÃ­ssimo nÃ­vel. Quem vai ser campeÃ£o da Superliga?

Osasco e VÃ´lei Bauru vem aÃ­ com toda energia para conquistar a Superliga, assim como a Enel Comercializadora, que tem soluÃ§Ãµes como PreÃ§o Fixo e o Economia Garantida, onde sua empresa pode ter atÃ© 30% de https://t.co/hs2XKEKZKR",Thu May 01 15:33:28 +0000 2025,4,13,"energia, presa"
122,lu,lyara e letÃ­cia pequena as piorais que o barueri pegou do esgoto em bauru,Fri Dec 13 22:11:13 +0000 2024,0,2,esgoto
123,g1 Bauru,"Homem Ã© preso suspeito de agredir enteado em Bastos 
https://t.co/kGbM7zUObS

#g1 #Bastos https://t.co/9JRQef4uke",Wed Apr 23 18:19:37 +0000 2025,0,0,preso
124,Bauru Basket,"Tem energia em quadra, nos bastidores e na arquibancada! âš¡

Nesta quinta (17), na partida contra o R10 Score/Vasco da Gama, a Sistel nÃ£o apenas vai fornecer o gerador para a realizaÃ§Ã£o do jogo, como tambÃ©m vai distribuir 300 FAIXAS EXCLUSIVAS com sua logo para a torcida! ğŸ https://t.co/KWmR3DCTkQ",Wed Apr 16 17:31:05 +0000 2025,0,9,energia
125,Kaiser #RenatoPaiGauchoFluzao2025,"igreja âœ…ï¸
â€¢ motel âŒï¸
â€¢ viatura âœ…ï¸
â€¢ cabarÃ© âŒï¸
â€¢ aviÃ£o âŒï¸
â€¢ hospital âœ…ï¸
â€¢ cemitÃ©rio âœ…ï¸
â€¢ teatro âŒï¸
â€¢ delegacia âœ…ï¸
â€¢ cassino âŒ
â€¢ barco  âŒ 
â€¢ submarino âŒ
â€¢ tribunal âŒï¸
â€¢ estÃ¡dio âœ…ï¸
â€¢ cadeia âŒ
â€¢ iml âŒï¸",Sat May 03 15:10:55 +0000 2025,0,5,"delegacia, hospital"
126,ğ‘¯ğ’‚ğ’“ğ’– ğŸ„,"- Beijou: sim
- Namorou: sim
- Bebeu: sim
- Fumou: nÃ£o 
- Fez sexo: nÃ£o 
- Fugiu de aula: nÃ£o 
- usou Drogas: nÃ£o 
- mandou nudes: nÃ£o 
- tattoo: nÃ£o 
- piercing: queria 

e vcs?",Mon Apr 28 21:23:13 +0000 2025,0,6,droga
127,g1 Bauru,Dengue tipo 4 Ã© confirmada em Bauru e cidade passa a ter circulaÃ§Ã£o de todos os sorotipos https://t.co/ZYmty5h4a8 #g1 #Bauru,Tue Apr 08 23:17:11 +0000 2025,0,0,dengue
128,g1 Bauru,"ğŸš¨ PolÃ­cia Civil realiza operaÃ§Ã£o contra facÃ§Ã£o criminosa em SP
https://t.co/4PUiXyTWxZ #g1 #Pardinho #Bauru https://t.co/nBDkOK4OUR",Tue Apr 15 17:26:44 +0000 2025,0,0,"criminosa, operaÃ§Ã£o, polÃ­cia"
129,Jornal DiÃ¡rio do Estado,Fraude em Bauru (SP): grupo criminoso de SÃ£o Paulo lesou vÃ­timas em R$ 80 mil. LÃ­der preso. â¡ï¸ Leia: https:// https://t.co/lCiptsFsc6 https://t.co/iXja41Y8Lg,Fri Jan 17 17:34:17 +0000 2025,0,0,"criminoso, preso"
130,anfitriÃ£o,"@Mascaradodesesp @DailyOceano f1lHa da PuTÂª, cacH0rÏ€a, vAgÂªbUnda, cuzÃ¸NÂª, dEsGraÃ§ADa, ArRomBaDa, bUÏ€Ra, cOrNa cHifRudA, fALÂ§a, fRacA, 1nuTil, imB4ciL, mAL f0d1Da, m1S3raVeL, pOrCÂª, cHE1rA pE1dO, taGarELa, sOnÂ§a, v1bOÏ€a, TÃ¸ntA, MoRtÂª, mOcr3ia, p1rAnhÂª, ord1nAriA, OtaR1a, CrAcuDa, pUtA, fOd1dA, EscR0Ta, caNaLha",Thu Feb 20 12:47:26 +0000 2025,91,431,Nenhum
131,PÃ¡gina SÃ©ria.,"Roubar Ã© errado
Roubar Ã© errado
Roubar Ã© errado
Roubar Ã© errado
Roubar Ã© errado
Roubar Ã© errado
Roubar Ã© errado
Roubar Ã© errado
Roubar Ã© errado
Roubar Ã© errado
Roubar Ã© errado
Roubar Ã© errado
Roubar Ã© errado
Roubar Ã© errado
Roubar Ã© errado
Roubar Ã© errado
Roubar Ã© errado
Roubar Ã©",Wed Feb 05 21:40:03 +0000 2025,114,2613,Nenhum
132,g1 Bauru,"ğŸ¦Ÿ MarÃ­lia realiza nebulizaÃ§Ã£o noturna contra a dengue em 11 Ã¡reas a partir desta segunda-feira; veja os locais
https://t.co/uGVtPKx7ou #g1 #MarÃ­lia https://t.co/AlLaXtMgpp",Sun Apr 13 21:48:28 +0000 2025,0,0,dengue
133,g1 Bauru,"Trio Ã© preso em flagrante durante operaÃ§Ã£o contra trÃ¡fico de drogas em Botucatu
https://t.co/R3EpgWRqZQ

#g1 #Botucatu https://t.co/ubDQzyToAN",Sat Apr 12 19:34:52 +0000 2025,0,1,"droga, operaÃ§Ã£o, preso, trÃ¡fico"
134,Æ™××…Ö‘É‘××…Ö®á¨µ××…ê¯±××…Ö’ â‹†ğ–¦¹Â°â€§,Eu quero morrer eu quero morrer eu quero morrer eu quero morrer eu quero morrer eu quero morrer eu quero morrer eu quero morrer eu quero morrer eu quero morrer eu quero morrer eu quero morrer eu quero morrer eu quero morrer eu quero morrer eu quero morrer eu quero morrer eu quero,Fri May 02 21:50:38 +0000 2025,0,0,morre
135,Noite de Copa,"Beirada ( LÃ­der do CV )

â€¢ TrÃ¡fico de drogas
â€¢ TrÃ¡fico de armas
â€¢ Estrangulamento
â€¢ Sequestro
â€¢ OcultaÃ§Ã£o de cadÃ¡ver 
â€¢ Tortura 
â€¢ Roubo
â€¢ Furto
â€¢ Lavagem de dinheiro 
â€¢ HomicÃ­dio 
â€¢ Tentativa de homicÃ­dio 
â€¢ Esquartejamento
â€¢ Duplo homicÃ­dio 
â€¢ ExtorsÃ£o mediante https://t.co/nlXF25Q6Or",Fri Jul 12 04:11:51 +0000 2024,6,555,"droga, furto, homicÃ­dio, roubo, trÃ¡fico"
136,g1 Bauru,"ğŸš¨Casal Ã© preso apÃ³s ser flagrado transportando mais de 115 kg de maconha em Bauru
https://t.co/UPXgKw4BZC",Sat Apr 26 22:10:23 +0000 2025,0,2,"maconha, preso"
137,ğ–Šğ–‰ğ–š â˜­,"Em quais desses lugares vocÃª jÃ¡ entrou?

â€¢ Igreja âœ…
â€¢ Motel âŒï¸
â€¢ Viatura âŒï¸
â€¢ CabarÃ© âŒ
â€¢ AviÃ£o âœ…
â€¢ Hospital âœ…
â€¢ CemitÃ©rio âŒï¸
â€¢ Teatro âœ…
â€¢ Delegacia âœ…ï¸
â€¢ Cassino âŒï¸
â€¢ Barco âŒï¸
â€¢ Submarino âŒ
â€¢ Tribunal âœ…
â€¢ EstÃ¡dio âœ…
â€¢ Cadeia âŒï¸
â€¢ IML âŒï¸",Tue Apr 29 22:53:06 +0000 2025,0,0,"delegacia, hospital"
138,LÃ©o Vilhena âœ  î¨€,Casal Ã© preso apÃ³s ser flagrado transportando 115 kg de maconha em Bauru https://t.co/a1FWHwu1tj via @redegni,Sun Apr 27 12:31:48 +0000 2025,0,1,"maconha, preso"
139,g1,Passageira registra desespero em carro ilhado enquanto enxurrada cobre veÃ­culo em serra no interior de SP https://t.co/F3BOfbcGnW #g1,Sun Dec 22 18:30:00 +0000 2024,4,43,"carro, enxurrada"
140,BAÃš DO RIO OFC,"âš ï¸ATENÃ‡ÃƒO: Lista de algumas comunidades com operaÃ§Ãµes policiais em andamento (incluindo a OperaÃ§Ã£o Ordo). Evitem a regiÃ£o!

Vila Kennedy (CV)
Cidade de Deus (CV)
Complexo do ChapadÃ£o (CV)
Muzema (CV)
GardÃªnia Azul (CV)
Rio das Pedras (5.5)
Morro do Banco (CV)
Fontela
Tijuquinha https://t.co/raFYYlKMeq",Wed Jul 24 13:49:28 +0000 2024,16,626,operaÃ§Ã£o
141,Muka do Space ğŸ™ï¸,"ğŸ”´ O temporal desta sexta-feira em SÃ£o Paulo causou 7 mortes na Grande SP e no interior. Em Bauru, trÃªs pessoas, incluindo uma crianÃ§a, morreram com a queda de um muro. Houve Ã³bitos por quedas de Ã¡rvores na capital e em Diadema. Mais de 1,6 milhÃ£o seguem sem energia. https://t.co/6h1XoRLk5R",Sat Oct 12 17:36:07 +0000 2024,7,98,"energia, morre, morte, queda, temporal, Ã¡rvore"
142,Senhora RIVOTRILğŸš©â¤ï¸,ğŸš¨ğŸš¨Defesa Civil de SP diz que falta de luz ocorre em diversas cidades do estado por causa da chuva: trÃªs pessoas morreram em Bauru e duas pessoas foram socorridas em estado grave em Cotia. https://t.co/AKfEl1ONlc,Sat Oct 12 01:01:25 +0000 2024,1,13,"chuva, falta de, luz, morre"
143,AgÃªncia SP,"#SaÃºde @governosp destina R$ 12,4 milhÃµes para intensificar o combate Ã  dengue na regiÃ£o de Bauru.
https://t.co/OFews0v7JJ",Sat Jan 25 14:05:25 +0000 2025,0,0,dengue
144,CNN Brasil,"Homem Ã© preso tentando levar drogas e 60 celulares Ã  penitenciÃ¡ria em Bauru

https://t.co/lDG3RIFfdc",Thu Apr 10 22:39:00 +0000 2025,5,14,"droga, preso"
145,g1 Bauru,ğŸš” Homem Ã© preso apÃ³s ingerir mais de 40 cÃ¡psulas de cocaÃ­na em Assis https://t.co/wsjwAfTPst #g1 #Assis,Sat Apr 12 13:21:50 +0000 2025,0,2,"cocaÃ­na, preso"
146,MetrÃ³poles,"â¡ï¸ Apae de Bauru: namoro com delegado foi motivo para morte de secretÃ¡ria

DenÃºncia do MPSP aponta que secretÃ¡ria da Apae de Bauru foi morta por comparsa em esquema de corrupÃ§Ã£o por namorar com delegado aposentado

Leia: https://t.co/7vIj1pMS7w https://t.co/3WbOEAkjDn",Sat Dec 21 18:22:52 +0000 2024,2,8,"morta, morte"
147,Band.com.br,"Homem Ã© preso levando quase 60 celulares a presÃ­dio em Bauru (SP)

https://t.co/0RZWPV2uC2",Thu Apr 10 17:24:43 +0000 2025,0,1,preso
148,JÃ´ Ø¬Ùˆ de BarroğŸ£ğŸ•ŠğŸ¦‰ğŸ‡µğŸ‡¸,"A POLICIA BATEU EM ESTUDANTE
A POLICIA BATEU EM CRIANÃ‡AS
A POLICIA BATEU EM MÃƒES
A POLICIA BATEU EM IDOSO
A POLICIA BATEU EM TRABALHADOR
100 FAMILIAS QUE PERDERAM TUDO PARA A ENCHENTE DEVIDO AO LEITE: FORAM AGORA AGREDIDAS, ESTÃƒO SENDO TORTURADAS E DESPEJADAS PELO @EduardoLeite_",Sun Jun 16 17:33:11 +0000 2024,129,383,enchente
149,g1 Bauru,"Mulher Ã© presa em flagrante por jogar soda cÃ¡ustica no rosto de dono de academia 
https://t.co/uzykFFM8CW

#g1 #MarÃ­lia https://t.co/IqJrMYGlWq",Wed Apr 09 16:52:39 +0000 2025,0,0,presa
150,Leandro Leandro,"Roubo: Preso em ""saidinha"" da PenitenciÃ¡ria de Osvaldo Cruz fere mulher com garfo e Ã© surrado em Bauru/SP
https://t.co/QLdqpujAOZ https://t.co/OLJ4pwNGIv",Tue Dec 24 17:30:30 +0000 2024,1,0,"preso, roubo"
151,MetrÃ³poles,"â¡ï¸ Bauru: apÃ³s nomear mÃ£e, prefeita fica noiva de presidente de autarquia

SuÃ©llen Rosim ficou noiva do presidente do Departamento de Ãgua e Esgoto da cidade, nomeado por ela em 2024

Leia: https://t.co/h3o3jmsAkc https://t.co/uKbJxjiIL7",Tue Feb 18 12:33:29 +0000 2025,8,33,"esgoto, Ã¡gua"
152,g1 Bauru,"Homem Ã© preso suspeito de invadir hospital e agredir ex-mulher que acompanhava o filho internado em TupÃ£
https://t.co/zKJOOR1Ga3

#g1 #TupÃ£ https://t.co/PbtSUNoVRX",Mon Apr 14 17:39:44 +0000 2025,0,0,"hospital, preso"
153,Ana,"Uma funcionÃ¡ria da Apae de Bauru foi vÃ­tima de um crime hÃ¡ alguns meses e o diretor da Apae foi preso pelo crime.

Na Ã©poca eu e minha mÃ£e estranhamos a reaÃ§Ã£o da filha da vÃ­tima. DaÃ­ nesta semana surge a investigaÃ§Ã£o de que a filha e mais outros da famÃ­lia estariam envolvidos ğŸ˜",Thu Dec 05 02:00:16 +0000 2024,0,1,"crime, preso"
154,Ir. CondeğŸ‡§ğŸ‡·,"â€¢ Igreja ğŸŸ©
â€¢ Motel ğŸŸ¥
â€¢ Viatura ğŸŸ¥
â€¢ CabarÃ© ğŸŸ¥
â€¢ AviÃ£o ğŸŸ©
â€¢ Hospital ğŸŸ©
â€¢ CemitÃ©rio ğŸŸ©
â€¢ Teatro ğŸŸ©
â€¢ Delegacia ğŸŸ¥
â€¢ Cassino ğŸŸ©
â€¢ Barco ğŸŸ©
â€¢ Submarino ğŸŸ¥
â€¢ Tribunal ğŸŸ¥
â€¢ EstÃ¡dio ğŸŸ©
â€¢ Cadeia ğŸŸ¥
â€¢ IML ğŸŸ¥
â€¢ Prefeitura ğŸŸ¥
â€¢ Trem/MetrÃ´ ğŸŸ¥
â€¢ CÃ¢mara Municipal ğŸŸ¥",Wed Apr 30 16:20:13 +0000 2025,0,2,"delegacia, hospital, prefeitura"
155,g1 Bauru,"ğŸš¨Em 15 minutos, criminosos levam quase meio milhÃ£o de reais de agÃªncia bancÃ¡ria durante roubo com refÃ©ns 
https://t.co/myuvauCUYn #g1 #Bauru https://t.co/j9HDmTRTpp",Tue Apr 08 22:41:37 +0000 2025,0,0,"criminoso, roubo"
156,g1 Bauru,"ğŸSucuri de 4 metros fica 5 dias presa em barragem no Rio TietÃª em Barra Bonita
https://t.co/4dN6C8MjAa #g1 #BarraBonita https://t.co/uw1j9CVBbh",Mon Apr 14 21:13:17 +0000 2025,0,0,presa
157,Prof. Jotta,"PRINCIPAIS ERROS NAS REPORTAGENS ğŸ‘‡ğŸ»

â– Perseguimos o fugitivo, mas O MESMO conseguiu se evadir. âŒ
â– Perseguimos o fugitivo, mas ELE 
conseguiu se evadir. âœ…

â– HOUVERAM brigas no estÃ¡dio. âŒ
â– HOUVE brigas no estÃ¡dio. âœ…

â– A polÃ­cia INTERVIU nas brigas. âŒ
â– A polÃ­cia",Mon Jun 24 13:38:22 +0000 2024,37,394,polÃ­cia
158,â©©áš³áš«á›‹á›á›áš© â¸¸,Ã‰ brutal Ã© brutal Ã© brutal Ã© brutal Ã© brutal Ã© brutal Ã© brutal Ã© brutal Ã© brutal Ã© brutal Ã© brutal Ã© brutal Ã© brutal Ã© brutal Ã© brutal Ã© brutal Ã© brutal Ã© brutal Ã© brutal Ã© brutal Ã© brutal Ã© brutal Ã© brutal Ã© brutal Ã© brutal Ã© brutal Ã© brutal Ã© brutal Ã© brutal Ã© brutal Ã© brutal,Wed Apr 30 23:45:16 +0000 2025,4,16,Nenhum
159,Marxista.Blog ğŸ‡¨ğŸ‡ºğŸ‡¦ğŸ‡´ğŸ‡²ğŸ‡¿ğŸ‡¨ğŸ‡»ğŸ‡µğŸ‡¸ğŸ‡§ğŸ‡«ğŸ‡²ğŸ‡±,@vitorlara31 Na verdade o pinguim Ã© conhecido por Rodrigo Esgotinho porque quando prefeito de Bauru nÃ£o terminou a obra de tratamento de esgoto da cidade. Isso sim Ã© que Ã© crime ambiental. https://t.co/G4IpouKxNs,Fri Feb 28 20:38:41 +0000 2025,0,2,"crime, esgoto, obra"
160,âœ©â˜†âœ©ğ™²ğšğš›ğš˜ğšâœ©â˜†âœ©,"TUDO DA ERRADO
TUDO DA ERRADO
TUDO DA ERRADO
TUDO DA ERRADO
TUDO DA ERRADO
TUDO DA ERRADO
TUDO DA ERRADO
TUDO DA ERRADO
TUDO DA ERRADO
TUDO DA ERRADO
TUDO DA ERRADO
TUDO DA ERRADO
TUDO DA ERRADO
TUDO DA ERRADO
TUDO DA ERRADO
TUDO DA ERRADO
TUDO DA ERRADO
TUDO DA ERRADO",Mon Apr 28 20:28:22 +0000 2025,2,6,Nenhum
161,Prof. Jotta,"PRINCIPAIS ERROS NAS REPORTAGENS ğŸ‘‡ğŸ»

â– Perseguimos o fugitivo, mas O MESMO conseguiu se evadir. âŒ
â– Perseguimos o fugitivo, mas ELE 
conseguiu se evadir. âœ…

â– HOUVERAM brigas no estÃ¡dio. âŒ
â– HOUVE brigas no estÃ¡dio. âœ…

â– A polÃ­cia INTERVIU nas brigas. âŒ
â– A polÃ­cia",Mon Feb 26 11:11:15 +0000 2024,47,548,polÃ­cia
162,Band Jornalismo,"Homem Ã© preso levando quase 60 celulares a presÃ­dio em Bauru (SP)

https://t.co/71sSneLWna",Thu Apr 10 17:24:57 +0000 2025,0,1,preso
163,Ponte Jornalismo,"â€˜Eu nÃ£o sei mais o que Ã© viverâ€™: pai luta por justiÃ§a para filho morto pela PM em Bauru  

Ricky Silva, foi morto em julho de 2023 em Bauru. Dois policiais atiraram contra o jovem.  

Reportagem: Catarina Duarte  

Leia mais: https://t.co/WIgEQDBRtj",Fri Dec 20 17:13:53 +0000 2024,3,28,morto
164,PolÃ­cia Militar do Estado de SÃ£o Paulo,"Moto roubada Ã© recuperada pela PolÃ­cia Militar em Bauru/SP

â¡ï¸ Criminosos trocaram a cor do veÃ­culo para que ele nÃ£o fosse identificado.

Confira: https://t.co/4400pgSd78 https://t.co/nHvDXGOXb6",Mon Feb 03 19:17:29 +0000 2025,0,14,"criminoso, moto, polÃ­cia, roubada"
165,â„¹ï¸IaraGB ğŸ’ğŸ’¨LğŸŒ»ğŸ‘‰ğŸ‡§ğŸ‡·,"A gasolina subiuâ€¼ï¸ BoÃ§onaru, BoÃ§onaruâ€¦

A carne saiu da cesta bÃ¡sica e serÃ¡ taxadaâ€¼ï¸BoÃ§onaru, BoÃ§onaru.

Os motoristas de App serÃ£o taxadosâ€¼ï¸BoÃ§onaru, BoÃ§onaru.

O dÃ³lar subiuâ€¼ï¸BoÃ§onaru, BoÃ§onaru.

NÃ£o tem vacina para Dengueâ€¼ï¸BoÃ§onaru,BoÃ§onaru.

O Pantanal incendiandoâ€¼ï¸BoÃ§onaru, https://t.co/ah6kpziLmU",Tue Jul 09 23:30:38 +0000 2024,259,615,"dengue, moto"
166,g1 Bauru,"ğŸš¨ Adolescente Ã© apreendido e jovem Ã© preso durante operaÃ§Ã£o contra rede de crimes de Ã³dio
https://t.co/WVekZGW4gU #g1 #Bauru https://t.co/K0afTW6Mug",Tue Apr 15 17:26:20 +0000 2025,0,1,"crime, operaÃ§Ã£o, preso"
167,MetrÃ³poles,"â¡ï¸ Apae de Bauru: vÃ­tima e suspeito de morte lideravam esquema, diz MPSP

MPSP apresentou denÃºncia acusando o ex-presidente da Apae Roberto Franscecheti Filho e a secretÃ¡ria ClÃ¡udia Lobo de comandar desvios na Apae

Leia: https://t.co/TWNOQPvTcZ https://t.co/rt5FPwZSvx",Fri Dec 20 14:12:46 +0000 2024,1,3,morte
168,Estradas.com.br,Acesso Ã  SP-225 terÃ¡ interdiÃ§Ã£o para obras na marginal em Bauru https://t.co/KatX1QPZbY via @sosestradas,Mon Jan 27 12:52:18 +0000 2025,0,0,"interdiÃ§Ã£o, obra"
169,MetrÃ³poles,"â¡ï¸  Homem Ã© condenado a mais de 16 anos apÃ³s jogar cadeirante do viaduto

Jorge Luis Faria de Moraes foi preso em flagrante em 2020 apÃ³s jogar um cadeirante, em situaÃ§Ã£o de rua, do viaduto, em Bauru

Leia: https://t.co/bcjv9e7i8F https://t.co/0UKc6ErTPC",Thu Feb 20 04:15:00 +0000 2025,2,11,preso
170,Alma Preta,"Para uma das vÃ­timas do ataque em Bauru, o crime se trata de uma tentativa de intimidaÃ§Ã£o; um boletim de ocorrÃªncia foi registrado na PolÃ­cia Civil
https://t.co/z65YqhGuhK",Mon Mar 24 20:00:40 +0000 2025,0,5,"crime, polÃ­cia"
171,Malu ğŸ–¤,"@CorujaKolorado igreja âœ…
â€¢ motel âŒ
â€¢ viatura âœ…  ğŸ˜…
â€¢ cabarÃ© âŒ
â€¢ aviÃ£o âŒ
â€¢ hospital âœ…
â€¢ cemitÃ©rio âœ…
â€¢ teatro âœ…
â€¢ delegacia âŒ
â€¢ cassino âŒ
â€¢ barco âœ… *sÃ³ entrei, mas nÃ£o andei
â€¢ submarino âŒ
â€¢ tribunal âŒ
â€¢ estÃ¡dio âœ…
â€¢ cadeia âŒ
â€¢ iml âŒ",Thu May 01 21:52:37 +0000 2025,0,2,"delegacia, hospital"
172,ğ—¦ğ—”ğ—­ğ—˜ğ—œğ—¥ğ—¢ î¨€,"HOJE TEM CRUZEIRO!

        â˜…
â˜…            â˜…
         â˜…

        â˜…

UTILIDADE PÃšBLICA:

SAMU: 192 ğŸ“
BOMBEIROS: 193 ğŸ“
POLÃCIA : 190 ğŸ“ https://t.co/AOHiRjUSPO",Thu May 01 12:33:44 +0000 2025,118,766,"bombeiro, polÃ­cia, samu"
173,SBT Jornalismo,"â¡ï¸Homem Ã© preso com quase 60 celulares que seriam entregues a presÃ­dio em Bauru

Suspeito tambÃ©m foi flagrado com acessÃ³rios eletrÃ´nicos e droga #sbtnews 
https://t.co/r4HkAolFc0",Fri Apr 11 03:30:01 +0000 2025,0,4,"droga, preso"
174,g1 Bauru,"ğŸš¨SacrÃ¡rio Ã© furtado de igreja e encontrado intacto em Ibirarema
https://t.co/zBTFFohKgR https://t.co/u8ZnDQqhlt",Wed Apr 16 22:14:51 +0000 2025,0,1,furtado
175,USP - Universidade de SÃ£o Paulo,"Pesquisadores da USP mapearam a Recarga Gerenciada de AquÃ­feros (RGA) em SP, indicando que a tÃ©cnica pode sustentar aquÃ­feros em regiÃµes crÃ­ticas como RibeirÃ£o Preto e Bauru, usando Ã¡gua superficial excedente https://t.co/nuL7s5YRkw",Tue Jan 28 16:24:00 +0000 2025,0,2,Ã¡gua
176,g1 Bauru,"ğŸ“¿ 'Todos de preto e rezando'

Estudante que viajou para a Roma relata clima na BasÃ­lica de SÃ£o Pedro horas apÃ³s a morte do papa https://t.co/jjDCEMGI5Z #g1 #Bauru",Mon Apr 21 21:14:07 +0000 2025,0,1,morte
177,âœ§â˜†ğğ€ğˆğ€â˜†âœ§,NOSSA MAS SE EU VISSE ELE EU-[censurado] [panela caindo no chÃ£o] [grito alto] [sirene de ambulÃ¢ncia] [buzina de caminhÃ£o] [ele gosta] [barulho de batida de carro] [gato no telhado] [prato quebrando] [biiip] [uepaa] [som de liquidificador]  [sirene da polÃ­cia] https://t.co/NPWQxXCSWA,Wed Apr 30 04:28:48 +0000 2025,0,1,"barulho, batida, caminhÃ£o, carro, polÃ­cia"
178,g1,Tutor Ã© preso em flagrante apÃ³s abandonar filhote de cachorro em carro fechado sob o sol no interior de SP https://t.co/EGZHkWPkSd #g1,Tue Feb 25 00:00:01 +0000 2025,9,218,"carro, preso"
179,Jornal O Dia,Quadrilha armada rouba R$ 470 mil de agÃªncia do Banco do Brasil em Bauru. #Roubo #SeguranÃ§a #PolÃ­cia #SÃ£oPaulo #ODia https://t.co/rRjoXAsOcb,Wed Apr 09 15:46:01 +0000 2025,0,2,"polÃ­cia, roubo"
180,Prof. Jotta,"NÃƒO ERRE MAIS! ğŸ¯

Freiada âŒ                 Freada âœ…
Prostar âŒ                 Prostrar âœ…
Bandeija âŒ              Bandeja âœ…
FragÃ¢ncia âŒ            FragrÃ¢ncia âœ…
Degladiar âŒ            Digladiar âœ…
Desinteria âŒ           Disenteria âœ…
Impecilho âŒ            Empecilho âœ…",Fri Jan 17 13:32:30 +0000 2025,259,2316,Nenhum
181,FlÃ¡vio,"@Buchimaru__ â€¢ igreja âœ…
â€¢ motel âŒ
â€¢ viatura âŒ
â€¢ cabarÃ© âŒ
â€¢ aviÃ£o âŒ
â€¢ hospital âœ…
â€¢ cemitÃ©rio âŒ
â€¢ teatro âœ…
â€¢ delegacia âŒ
â€¢ cassino âŒ
â€¢ barco âœ…ï¸ (se contar bimotor ent fui)
â€¢ submarino âŒ
â€¢ tribunal âŒ
â€¢ estÃ¡dio âŒ
â€¢ cadeia âœ…
â€¢ iml âŒ",Fri May 02 17:49:42 +0000 2025,0,1,"delegacia, hospital, moto"
182,FantÃ¡stico,"O esquema desviou mais de R$ 7 milhÃµes. Segundo a polÃ­cia, o dinheiro era repartido entre o presidente da APAE de Bauru, a diretora executiva dele e empresÃ¡rios, que emitiam notas fiscais: https://t.co/KpRTGWt6Kx #FantÃ¡stico",Mon Jan 06 01:59:17 +0000 2025,2,26,polÃ­cia
183,Ponte Jornalismo,"VÃ­timas da violÃªncia policial fazem oitavo protesto em Bauru: â€˜Desejamos justiÃ§aâ€™

ManifestaÃ§Ã£o promovida por amigos e familiares de mortos em aÃ§Ãµes da PM aconteceu no sÃ¡bado (15/2). 

Por: Catarina Duarte

Leia a reportagem completa: https://t.co/Az0SqmVQ2m",Mon Feb 17 16:46:57 +0000 2025,9,26,"morto, violÃªncia"
184,ximbuquinha,bota sequestro relÃ¢mpago bota caminhÃ£o desgovernado bota fio desencapado bota ferrovia enferrujada bota trem passando por cima bota aviÃ£o caindo rodando bota queda de prÃ©dio bota rodeio sem boi bota na minha vida papai do cÃ©u bota,Mon Apr 28 19:07:28 +0000 2025,0,0,"caminhÃ£o, queda"
185,Jornal da Cidade Online,"DEPOIS DA ""BALEIA"", DO 8/1 COM ""ESTILINGUES E BATOM"", AGORA CHEGOU O ""GOLPE DE 5Âª SÃ‰RIE FRUSTRADO PELA AUSÃŠNCIA DE TÃXI""

https://t.co/I6sFCOatSl

Narrativas e narrativas, meras narrativas...

https://t.co/I6sFCOatSl",Fri Nov 29 13:30:22 +0000 2024,465,1299,Nenhum
186,gabi à£ªğ–¥” à¹‹à¸¸â¸±.,"Em quais desses lugares vocÃª jÃ¡ entrou?

â€¢ Igreja âœ…
â€¢ Motel âŒï¸
â€¢ Viatura âŒ
â€¢ CabarÃ© âŒ
â€¢ Hospital âœ…
â€¢ CemitÃ©rio âœ…
â€¢ Teatro âœ…
â€¢ Delegacia âŒï¸
â€¢ Cassino âŒ
â€¢ Barco âŒ
â€¢ Submarino âŒ
â€¢ Tribunal âŒ
â€¢ EstÃ¡dio âŒï¸
â€¢ Cadeia âŒ
â€¢ IML âŒ",Tue Apr 29 22:54:07 +0000 2025,0,1,"delegacia, hospital"
187,O Tempo,"PMs sÃ£o investigados por invadirem velÃ³rio e agredirem famÃ­lia de jovem morto em SP

Caso ocorreu na sexta-feira (18), em Bauru, hÃ¡ 330 Km de SÃ£o Paulo

https://t.co/jVwD0SHTSY",Sun Oct 20 19:07:29 +0000 2024,1,0,morto
188,piehe ğŸ´,"Igreja ğŸŸ©
â€¢ Motel ğŸŸ¥
â€¢ Viatura ğŸŸ¥
â€¢ CabarÃ© ğŸŸ¥
â€¢ AviÃ£o ğŸŸ©
â€¢ Hospital ğŸŸ©
â€¢ CemitÃ©rio ğŸŸ©
â€¢ Teatro ğŸŸ©
â€¢ Delegacia ğŸŸ©
â€¢ Cassino ğŸŸ©
â€¢ Barco ğŸŸ©
â€¢ Submarino ğŸŸ©
â€¢ Tribunal ğŸŸ©
â€¢ EstÃ¡dio ğŸŸ©
â€¢ Cadeia ğŸŸ¥
â€¢ IML ğŸŸ¥",Wed Apr 30 21:00:13 +0000 2025,0,0,"delegacia, hospital"
189,MetrÃ³poles,"â¡ï¸  Trio de bolivianos Ã© preso com drogas no estÃ´mago em rodovia

Bolivianos foram presos dentro de Ã´nibus apÃ³s abordagem da PM em rodovia de Bauru (SP). Trio foi levado para delegacia da PF na regiÃ£o

Leia:  https://t.co/ENnBNksmDC https://t.co/TlqSlGdoa2",Wed Jan 29 23:36:21 +0000 2025,1,6,"delegacia, droga, preso, Ã´nibus"
190,Emanuel B. Leite,"Demetrius leva a melhor no terceiro jogo da sÃ©rie entre Paulistano e Bauru. Com apenas 2 segundos, BrunÃ£o faz o gamewinner e o time da capital pode fechar a sÃ©rie em casa.

Ãgua no chope total para a prorrogaÃ§Ã£o que Brite poderia ter conseguido para o Bauru. JogaÃ§o dos tÃ©cnicos. https://t.co/X8Qu53RfVC",Sun Apr 27 23:16:22 +0000 2025,0,5,Ã¡gua
191,Band.com.br,"Ã‚ncora falou sobre o caso dos policiais militares que invadiram velÃ³rio de jovem baleado em confronto, em Bauru, no interior do estado; governador ainda nÃ£o se pronunciou sobre o episÃ³dio de violÃªncia

Saiba mais:

https://t.co/HbJoBbDyAc",Mon Oct 21 15:11:54 +0000 2024,1,4,"baleado, violÃªncia"
192,juju - echo is coming !,"â€¢ Igreja ğŸŸ©
â€¢ Motel ğŸŸ©
â€¢ Viatura ğŸŸ©
â€¢ CabarÃ© ğŸŸ©
â€¢ AviÃ£o ğŸŸ©
â€¢ Hospital ğŸŸ©
â€¢ CemitÃ©rio ğŸŸ©
â€¢ Teatro ğŸŸ©
â€¢ Delegacia ğŸŸ©
â€¢ Cassino ğŸŸ©
â€¢ Barco ğŸŸ©
â€¢ Submarino ğŸŸ©
â€¢ Tribunal ğŸŸ©
â€¢ EstÃ¡dio ğŸŸ©
â€¢ Cadeia ğŸŸ©
â€¢ IML ğŸŸ©",Tue Apr 29 20:28:42 +0000 2025,0,1,"delegacia, hospital"
193,Mimiâ· ğŸ©º ECHO,"â€¢ Igreja ğŸŸ¥
â€¢ Motel ğŸŸ¥
â€¢ Viatura ğŸŸ¥
â€¢ CabarÃ© ğŸŸ¥
â€¢ AviÃ£o ğŸŸ©
â€¢ Hospital ğŸŸ©
â€¢ CemitÃ©rio ğŸŸ©
â€¢ Teatro ğŸŸ¥
â€¢ Delegacia ğŸŸ©
â€¢ Cassino ğŸŸ¥
â€¢ Barco ğŸŸ©
â€¢ Submarino ğŸŸ¥
â€¢ Tribunal ğŸŸ¥
â€¢ EstÃ¡dio ğŸŸ©
â€¢ Cadeia ğŸŸ¥
â€¢ IML ğŸŸ©",Tue Apr 29 22:44:19 +0000 2025,0,0,"delegacia, hospital"
194,â‚ŠËš. juh,"o vÃ´lei Ã© algo engraÃ§ado nÃ©, fizemos trÃªs jogos bons contra o minas, de virada, com energia, sem desistir e perdemos pro sesi bauru que nÃ£o fez nem cosquinha nas vezes que jogou contra o minas kk
https://t.co/VOK8gKDfm8",Sat Apr 19 20:54:48 +0000 2025,2,36,energia
195,Lua â™¡ğŸ“Œ desire: unleash,"Em quais desses lugares vocÃª jÃ¡ entrou?

â€¢ IgrejağŸŸ©
â€¢ MotelğŸŸ©
â€¢ ViaturağŸŸ© (trabalhei na polÃ­cia)
â€¢ CabarÃ©ğŸŸ¥
â€¢ AviÃ£oğŸŸ©
â€¢ HospitalğŸŸ©
â€¢ CemitÃ©rioğŸŸ©
â€¢ TeatroğŸŸ©
â€¢ DelegaciağŸŸ© (trabalhei)
â€¢ CassinoğŸŸ¥
â€¢ BarcoğŸŸ©
â€¢ SubmarinoğŸŸ¥
â€¢ TribunalğŸŸ©
â€¢ EstÃ¡dioğŸŸ¥
â€¢ CadeiağŸŸ¥
â€¢ IMLğŸŸ¥",Thu May 01 02:15:11 +0000 2025,0,0,"delegacia, hospital, polÃ­cia"
196,(êƒ‹ã‰¨êƒ‹à¹‘),[censurado] [inaudivel] [UEPA] [barulho de panela caindo] [crianÃ§a chorando] [buzina de carro] [caminhÃ£o passando rapidamente] [barulho de escapamento] [som de liquidificador] [gente gritando] [sirene de ambulÃ¢ncia] [alarme de incÃªndio] [explosÃ£o] https://t.co/jv3oau9I57,Mon Apr 28 16:56:42 +0000 2025,0,0,"barulho, caminhÃ£o, carro, incÃªndio"
197,Skyler Î¨,"Igreja ğŸŸ©
â€¢ Motel ğŸŸ¥
â€¢ Viatura ğŸŸ¥
â€¢ CabarÃ© ğŸŸ¥
â€¢ AviÃ£o ğŸŸ©
â€¢ Hospital ğŸŸ©
â€¢ CemitÃ©rio ğŸŸ¥
â€¢ Teatro ğŸŸ©
â€¢ Delegacia ğŸŸ©
â€¢ Cassino ğŸŸ¥
â€¢ Barco ğŸŸ©
â€¢ Submarino ğŸŸ¥
â€¢ Tribunal ğŸŸ¥
â€¢ EstÃ¡dio ğŸŸ©
â€¢ Cadeia ğŸŸ¥
â€¢ IML ğŸŸ¥",Wed Apr 30 19:08:39 +0000 2025,0,0,"delegacia, hospital"
198,nogueira,"â€¢ Igreja ğŸŸ©
â€¢ Motel ğŸŸ¥
â€¢ Viatura ğŸŸ©
â€¢ CabarÃ© ğŸŸ©
â€¢ AviÃ£o ğŸŸ©
â€¢ Hospital ğŸŸ©
â€¢ CemitÃ©rio ğŸŸ©
â€¢ Teatro ğŸŸ¥
â€¢ Delegacia ğŸŸ©
â€¢ Cassino ğŸŸ¥
â€¢ Barco ğŸŸ©
â€¢ Submarino ğŸŸ¥
â€¢ Tribunal ğŸŸ¥
â€¢ EstÃ¡dio ğŸŸ©
â€¢ Cadeia ğŸŸ¥
â€¢ IML ğŸŸ©",Wed Apr 30 09:24:26 +0000 2025,0,1,"delegacia, hospital"
199,Balota RomÃ¢ntico,"âœ¨ correntinha âœ¨

do q vc tem medo?

Elevador: âŒ
CemitÃ©rio: âŒ
PalhaÃ§o: âŒ
Aranha: âŒ
Escuro: âŒ
Altura: âŒ
Mar: âŒ
AviÃ£o: âŒ
Viajar sÃ³: âŒ
Hospital: âŒ
Dentista: âŒ
Cobra: âŒ
Barata: âŒ
Raio: âŒ
Amar e nÃ£o ser amado: âœ…",Wed Dec 28 22:25:10 +0000 2022,917,3195,"cobra, hospital, obra"
200,Bene Barbosa,Instant Karma... Suspeito de tentar assaltar motorista de aplicativo tem parada cardÃ­aca e morre apÃ³s abordagem da polÃ­cia | Bauru e MarÃ­lia | G1 https://t.co/B7GwXgkA2V,Fri Oct 18 13:18:56 +0000 2019,85,1192,"morre, moto, polÃ­cia"
201,Inter da DepressÃ£o,EU TO MALUCO ğŸ¤ªğŸ˜œğŸ¤ªğŸ˜œğŸ¤ª EU TO NA CHUVA ğŸŒ§ï¸ğŸŒ§ï¸ğŸŒ§ï¸ğŸŒ§ï¸ğŸŒ§ï¸ EU TO MALUCO ğŸ¤ªğŸ˜œğŸ¤ªğŸ˜œğŸ¤ª EU TO BORRELIZADO ğŸ‡¨ğŸ‡´ğŸ‡¨ğŸ‡´ğŸ‡¨ğŸ‡´ Ã‰ O BORRÃ‰ ğŸ‡¨ğŸ‡´ğŸ‡¨ğŸ‡´ğŸ‡¨ğŸ‡´ğŸ‡¨ğŸ‡´ ATENDE AE ğŸ“ğŸ“ O BORRÃ‰ TA CHEGANDO CARALHO ğŸ‡¨ğŸ‡´ğŸ‡¨ğŸ‡´ğŸ‡¨ğŸ‡´ğŸ‡¨ğŸ‡´ VAMOO EU TO MALUCOOO ğŸ¤ªğŸ˜œğŸ˜œğŸ¤ªğŸ˜œğŸ¤ª,Wed Mar 31 00:43:06 +0000 2021,284,1726,chuva
202,mah âŠ,"â—GALERA RAPIDÃƒO AQUIâ—

SuicÃ­dio/DepressÃ£o - 188
ViolÃªncia Sexual - 100
Atendimento Ã  mulher - 180
DenÃºncia - 181
SaÃºde - 160
UrgÃªncia - 192
Bombeiros - 193
Defesa Civil - 199
P. Federal - 191
P. Militar - 190

deem rt, alguÃ©m pode estar precisando",Sun Mar 21 18:33:04 +0000 2021,357,379,"bombeiro, violÃªncia"
203,QoT,"Um homem foi espancado entrando em seu prÃ³prio carro por ser ""confundido com bandido""

Um homem foi espancado atÃ© a morte por cobrar seu salÃ¡rio atrasado.

Um homem foi morto por seu vizinho por estar ""andando muito rÃ¡pido"".

Adivinha o que esses homens tinham em comum?",Thu Feb 03 18:57:16 +0000 2022,581,3890,"bandido, carro, cobra, morte, morto, obra"
204,Crimes Reais,"Ela anotou tudo e em seguida ligou imediatamente para a polÃ­cia. JÃ¡ no local, a polÃ­cia gritava por BÃ¡rbara e um deles conseguiu ouvir sons distantes de batidas abafadas vindo do chÃ£o. EntÃ£o, comeÃ§aram a cavar com as mÃ£os. https://t.co/eJy81ryHaR",Tue May 17 15:24:17 +0000 2022,2,496,"batida, polÃ­cia"
205,QoT,"Uma mulher estava bebendo num bar e acabou perdendo a consciÃªncia. Quando o bar fechou, o dono do bar e outros clientes a carregaram atÃ© o meio da rua e simplesmente a abandonaram lÃ¡ inconsciente. Pouco depois, um homem passou e a estuprou.

Ã‰ um inferno ser mulher nesse paÃ­s.",Thu Mar 31 23:08:19 +0000 2022,278,3458,estupro
206,A. LuÃ­s ğŸŒ¹,"â€¢ Igreja ğŸŸ©
â€¢ Motel ğŸŸ¥
â€¢ Viatura ğŸŸ¥
â€¢ CabarÃ© ğŸŸ¥
â€¢ AviÃ£o ğŸŸ¥
â€¢ Hospital ğŸŸ©
â€¢ CemitÃ©rio ğŸŸ©
â€¢ Teatro ğŸŸ¥
â€¢ Delegacia ğŸŸ©
â€¢ Cassino ğŸŸ¥
â€¢ Barco ğŸŸ¥
â€¢ Submarino ğŸŸ¥
â€¢ Tribunal ğŸŸ©
â€¢ EstÃ¡dio ğŸŸ©
â€¢ Cadeia ğŸŸ©
â€¢ IML ğŸŸ¥
â€¢ Prefeitura ğŸŸ©
â€¢ Trem/MetrÃ´ ğŸŸ¥
â€¢ CÃ¢mara Municipal ğŸŸ©",Wed Apr 30 15:52:34 +0000 2025,0,2,"delegacia, hospital, prefeitura"
207,ğŸ² Harry Eikki ğŸ¦,"â€¢ Igreja âœ…
â€¢ Motel âŒ
â€¢ Viatura âœ…
â€¢ CabarÃ© âŒ
â€¢ AviÃ£o âŒ
â€¢ Hospital âœ…
â€¢ CemitÃ©rio âœ…
â€¢ Teatro âœ…
â€¢ Delegacia âœ…
â€¢ Cassino âŒ
â€¢ Barco âœ…
â€¢ Submarino âŒ (???)
â€¢ Tribunal âŒ 
â€¢ EstÃ¡dio âœ…
â€¢ Cadeia âŒ
â€¢ IML âŒ",Wed Apr 30 01:33:46 +0000 2025,0,15,"delegacia, hospital"
208,ninii.â·ğŸ˜¶â€ğŸŒ«ï¸| á´‡cÊœá´,"â€¢ Igreja ğŸŸ©
â€¢ Motel ğŸŸ¥
â€¢ Viatura ğŸŸ¥
â€¢ CabarÃ© ğŸŸ¥
â€¢ AviÃ£o ğŸŸ©
â€¢ Hospital ğŸŸ©
â€¢ CemitÃ©rio ğŸŸ©
â€¢ Teatro ğŸŸ©
â€¢ Delegacia ğŸŸ¥
â€¢ Cassino ğŸŸ¥
â€¢ Barco ğŸŸ©
â€¢ SubmarinoğŸŸ¥
â€¢ Tribunal ğŸŸ¥
â€¢ EstÃ¡dio ğŸŸ©
â€¢ Cadeia ğŸŸ¥
â€¢ IML ğŸŸ¥",Tue Apr 29 20:19:19 +0000 2025,0,1,"delegacia, hospital"
209,bibi Ë™áµ•Ë™,"â€¢ Igreja âœ…
â€¢ Motel âœ…
â€¢ Viatura âœ…
â€¢ CabarÃ© âœ–ï¸
â€¢ AviÃ£o âœ…
â€¢ Hospital âœ…
â€¢ CemitÃ©rio âœ…
â€¢ Teatro âœ…
â€¢ Delegacia âœ…
â€¢ Cassino âœ–ï¸
â€¢ Barco âœ…
â€¢ Submarino âœ–ï¸
â€¢ Tribunal âœ–ï¸
â€¢ EstÃ¡dio âœ…
â€¢ Cadeia âœ–ï¸
â€¢ IML âœ–ï¸",Tue Apr 29 22:28:20 +0000 2025,0,0,"delegacia, hospital"
210,â†¯besourinhoâ†¯,"â€¢ Igreja âœ…
â€¢ Motel âŒ
â€¢ Viatura âŒ
â€¢ CabarÃ© âŒ
â€¢ AviÃ£o âŒ
â€¢ Hospital âœ…
â€¢ CemitÃ©rio âœ…
â€¢ Teatro âœ…
â€¢ Delegacia âŒ
â€¢ Cassino âŒ
â€¢ Barco âŒ
â€¢ Submarino âŒ
â€¢ Tribunal âŒ
â€¢ EstÃ¡dio âŒ
â€¢ Cadeia âŒ
â€¢ IML âŒ

sou bem vivida",Tue Apr 29 23:02:49 +0000 2025,0,0,"delegacia, hospital"
211,giu ğŸ’­,[grito] [palavrÃ£o] [batida de carro] [barulho de tiro] [choro] [buzina] [crianÃ§a chorando] [barulho de ambulÃ¢ncia] [inaudÃ­vel] [surto] [tremedeira] [desmaio] [berra] [pula] [cachorro latindo] [prato quebrando] https://t.co/NNxzY3PtjM,Wed Feb 26 14:28:52 +0000 2025,128,536,"barulho, batida, carro"
212,lucca,"Igreja ğŸŸ©
â€¢ Motel ğŸŸ¥
â€¢ Viatura ğŸŸ¥
â€¢ CabarÃ© ğŸŸ¥
â€¢ AviÃ£o ğŸŸ¥
â€¢ Hospital ğŸŸ©
â€¢ CemitÃ©rio ğŸŸ©
â€¢ Teatro ğŸŸ©
â€¢ Delegacia ğŸŸ¥
â€¢ Cassino ğŸŸ¥
â€¢ Barco ğŸŸ¥
â€¢ Submarino ğŸŸ¥
â€¢ Tribunal ğŸŸ¥
â€¢ EstÃ¡dio ğŸŸ©
â€¢ Cadeia ğŸŸ¥
â€¢ IML ğŸŸ¥",Tue Apr 29 13:40:29 +0000 2025,0,0,"delegacia, hospital"
213,Biel da TL ğŸ‡»ğŸ‡¦ğŸ‡µğŸ‡¸â˜…å½¡,"â€¢ Igreja ğŸŸ©
â€¢ Motel ğŸŸ¥
â€¢ Viatura ğŸŸ©
â€¢ CabarÃ© ğŸŸ¥
â€¢ AviÃ£o ğŸŸ©
â€¢ Hospital ğŸŸ©
â€¢ CemitÃ©rio ğŸŸ©
â€¢ Teatro ğŸŸ©
â€¢ Delegacia ğŸŸ¥
â€¢ Cassino ğŸŸ¥
â€¢ Barco ğŸŸ©
â€¢ Submarino ğŸŸ¥
â€¢ Tribunal ğŸŸ©
â€¢ EstÃ¡dio ğŸŸ©
â€¢ Cadeia ğŸŸ¥
â€¢ IML ğŸŸ©",Wed Apr 30 02:44:36 +0000 2025,0,4,"delegacia, hospital"
214,judykook,"â€¢ Igreja ğŸŸ©
â€¢ Motel ğŸŸ¥ 
â€¢ Viatura ğŸŸ¥
â€¢ CabarÃ© ğŸŸ¥
â€¢ AviÃ£o ğŸŸ©
â€¢ Hospital ğŸŸ©
â€¢ CemitÃ©rio ğŸŸ©
â€¢ Teatro ğŸŸ©
â€¢ Delegacia ğŸŸ©
â€¢ Cassino ğŸŸ¥
â€¢ Barco ğŸŸ©
â€¢ Submarino ğŸŸ¥
â€¢ Tribunal ğŸŸ¥
â€¢ EstÃ¡dio ğŸŸ¥
â€¢ Cadeia ğŸŸ¥
â€¢ IML ğŸŸ¥",Wed Apr 30 00:16:55 +0000 2025,0,0,"delegacia, hospital"
215,Luis1898ğŸ’¢ (7/45),"@CorujaKolorado â€¢ igreja âœ…
â€¢ motel âŒ
â€¢ viatura âŒ
â€¢ cabarÃ© âŒ
â€¢ aviÃ£o âŒ
â€¢ hospital âœ…
â€¢ cemitÃ©rio âœ…ï¸
â€¢ teatro âœ…
â€¢ delegacia âŒ
â€¢ cassino âŒ
â€¢ barco âŒ
â€¢ submarino âŒ
â€¢ tribunal âŒ
â€¢ estÃ¡dio âœ…
â€¢ cadeia âŒ
â€¢ iml âŒ",Thu May 01 21:35:46 +0000 2025,0,1,"delegacia, hospital"
216,QG do VÃ´lei,"ğŸ˜ Crime cometido

Em plena capital dos TrÃªs Poderes, o BrasÃ­lia passou o trator em cima do Bauru, 3-0 (25-21, 25-14 e 25-20).

Resultado espetacular para o time do Distrito Federal que praticamente confirma sua permanÃªncia na elite do voleibol brasileiro, depende de si mesmo. https://t.co/W5uRsrITj0",Fri Mar 14 20:33:37 +0000 2025,4,63,crime
217,Simplificando Direito Penal - Prof Rafael LisbÃ´a,"B I P E
â€“ BRONCOPNEUMONIA;
â€“ INFECÃ‡ÃƒO HOSPITALAR;
â€“ PARADA CARDIORRESPIRATÃ“RIA;
â€“ ERRO MÃ‰DICO,
Responde PELO RESULTADO MORTE (nexo causal nÃ£o Ã© quebrado);
V I D A
- VAZAMENTO DE GÃS NO HOSPITAL
â€“ INCÃŠNDIO;
â€“ DESABAMENTO;
â€“ ACIDENTE c/ ambulÃ¢ncia,
Responde pela TENTATIVA.

LIKEğŸ’›",Wed Feb 21 18:57:19 +0000 2024,20,204,"acidente, desabamento, hospital, incÃªndio, morte"
218,laura ğŸ,[censurado] [inaudÃ­vel] [panelas caindo] [crianÃ§a chorando] [cachorro latindo] [som de buzina] [pratos quebrando] [escapamento de caminhÃ£o]  [barulho de trovÃ£o] [carro freando],Sat May 03 20:38:02 +0000 2025,9,89,"barulho, caminhÃ£o, carro"
219,ğŸŒ»| borusara au ğŸ“Œ,"VOCÃŠ ACHA QUE PODE ME MACHUCAR???
KKKKKKKKKKKKKKKKKKKKKKKKKKKKKKKKKKKKKKKKKKKKKKKKKKKKKKKKKKKKKKKKKKKKKKKKKKKKKKKKKKKKKKKKKKKKKKKKKKKKKKKKKKKKKKKKKKKKKKKKKKKKKKKKKKKKKKKKKKKKKKKKKKKKKKKKKKKKKKKKKKKKKKKKKKKKKKK O BORUTO PEGOU UMA KUNAI PRA TIRAR SUA PRÃ“PRIA VIDA",Sat Oct 17 20:00:38 +0000 2020,194,1087,Nenhum
220,Silvia ğŸ‡§ğŸ‡¼,"Desde que comeÃ§aram as notÃ­cias que ""Bauru controlou o contÃ¡gio sem fechar nada"" pois a prefeita Ã© bolsonarista, tenho acompanhado os boletins da cidade. OcupaÃ§Ã£o de UTI estÃ¡ em 125%, e em mÃ©dia cerca de 10 Ã³bitos. Continuo perguntando, quem vai pagar por essa tragÃ©dia?",Tue Mar 30 22:40:42 +0000 2021,36,175,upa
221,ğŸ‡§ğŸ‡·BarÃ£o Du ParaybunağŸ‡§ğŸ‡·à¸ªà¹‰à¹‰à¹‰à¹‰à¹‰à¹‰à¹‰à¹‰à¹‰à¹‰à¹‰à¹‰à¹‰à¹‰à¹‰à¹‰à¹‰à¹‰à¹‰à¹‰ğŸ’§,"@UOLNoticias FacÃ£o em uma chÃ¡cara Ã© extremamente perigoso. Certamente sÃ£o terroristas. 

Imaginem o que 300 pessoas iriam fazer com um facÃ£o e um cofre na chÃ¡cara? Estamos diante de um terrorismo jamais visto.

Outros matÃ©rias antidemocrÃ¡ticos seriam o quÃª? BÃ­blia? Crucifixo? TerÃ§o?",Mon Jun 22 18:35:24 +0000 2020,11,172,Nenhum
